S. No.,Category Name,Description(Minimum 80 words),Singer/music Director/Director,Reviews,Rating,Images
1,Saavan,"Saavn is a revolutionary streaming music service reinventing how people listen to and share music, in India and around the world. With a catalog in the millions (and growing by the day), our motto is simple â€“ play what you want, when you want. Best of all, Saavn is unlimited and free on mobile, tablet, and the web. No strings attached. Listen to the latest Bollywood hits, classics, regional music, and even a huge English catalog. Whether it's the artists and actors you love, the latest hits, finding old classics, or making new discoveries, you can stream anything you like on Saavn without the cost of downloads, or the hassle of side-loading pirated music.
From the newest songs to the hard-to-find classics, Saavn's catalog includes millions of songs across Hindi, English1, Tamil, Telugu, Punjabi, Marathi, Bengali, Kannada, Gujarati, Malayalam, and Bhojpuri.",Rishi Malhotra (Co-Founder & CEO) Vinodh Bhat (Co-Founder & President) Paramdeep Singh (Co-Founder & Executive Chairman),"1. Saavan is the best, you guys Rock!!! - this was till about 1 month ago. Now saavan wants $5 per month for average playlist, spotty functionality, and music you can download but not export! In contrast I pay Netflix $9 /month for an amazing collection of movies... Figure out a better pricing model Saavan, or your 18 million subscribers will become 18 thousand!!!",2,
,,,,2.  I have purchased an year long premium subscription and at this point in time i feel my money would have been better spent if I would have fed it to a goat. English music library is garbage. Nothing but the most mainstream music is available. And dont think about downloading more than a 100 songs cause one day the app will crash and you will loose all of it. Swear to god the day spotify comes to india all of these morons are gonna go out of business.,1,
,,,,"3. Its good for listeing songs online and it is quit well organised. But it consist lots of advertisment which is somtimes irritating. Even its downloading function is also not that amazing. But yes, it have a awesome collection of songs as compared to other such apps.",4,
,,,,"4. This is a great music app and the podcasts are also very good, especially Cyrus Says. A problem I am facing is that I am unable to create playlists with my downloaded songs. The app auto-arranges all downloaded songs in alphabetical order and there is no option to edit the order of songs. Thanks for the feature where you can select the quality of the streaming audio. With this, the audio works even on 2G network. I don't think any other podcast or music app provides this option. Overall, great app.",5,
,,,,,,
2,Gaana,"Gaana is the one-stop solution for all your Music needs. Gaana offers you free, unlimited access to all your favorite Hindi Songs, Bollywood Music, Regional Music & Radio Mirchi - on your mobile phone, no matter where you are.
With our plethora of collection from New Songs to Old Classics, Bollywood songs, Indian Regional songs, you can enjoy millions of Hindi, English*, Tamil, Telugu, Marathi, Kannada, Punjabi, Malayalam, Oriya, Rajasthani, Bengali, Assamese & Bhojpuri Songs for free. Download songs of your favourite artists or from popular albums. Browse through our top charts such as Top 50 Bollywood Songs, US Top 50, Punjabi Top 50, Latest Dance Tracks, Bollywood Romance Top 50 & much more.

Also explore new and interesting music depending on your mood or liking through our discover section and listen to curated playlists; Romantic Hits, Sad Songs, Bhangra, Devotional, Rock, Bhajans & Ghazals. You can also play Gaana Online Radio for an endless stream of your favorite genre.

Listen to songs of famous artists like Arijit Sings, Yo Yo Honey Singh, Ankit Tiwari, Atif Aslam, AR Rahman, Baadshah, Benny Dayal, Lata Mangeshkar, Neha Kakkar, Pritam, R D Burman, Shreya Ghoshal, Sunidhi Chauhan and others. You can also browse English tracks of popular artists like Avicii, Eminem, Enrique Iglesias, Bryan Adams, Justin Bieber, Katy Perry, Kesha, Rihanna, Selena Gomez, Taylor Swift and more.",,"1. Destination site for free streaming of music. We do not offer free downloads or downloads of any kind.Downloading from the site is illegal.Download songs from Gaana(dot)com using, IDM software(Internet Download Manager).

Every song you play on website will be downloaded automatically.Yeah you can. But its difficult. Activate the Gaana 14 days trial pack and download all the songs you want from the mobile application. The downloaded songs can only be played in Gaana application which is the problem. To overcome this go to File manager -> Android -> Data -> Gaana. Here you can see the downloaded songs. To play this convert it into mp3 by adding . extension or transfer it into the computer. Voila, free legal music Once a search is done, you will be displayed with many results which are extracted from various free websites. Click on any album or movie to see the downloadable songs, to download your songs select songs you like and click on Download button.

",5,
,,,,"2. You will find almost everything a listener wants which gives it an edge over others.

Like- Exclusive albums, good audio quality

Dislike- Website is bit heavy, User interface can be improved, many new songs not available, lots of ads(if u want ad free experience upgrade to premium packs)

My experience of using this site was good but you need to have a good connection for this. Support team at Gaana was very helpful.",3,
,,,,"3. Revising ratings to reflect continuous improvement in content, quality, UI, speed of download and most importantly acting on feedback. To that effect another feedback: Subscribers are already paying for your content, so instead of caching the files in a hidden folder and using numerological nomenclature why not allow us to carry the music where ever we want with the album artwork and names of songs intact? You may see higher sales! Game?",1,
,,,,"4. Nice collection and hence I paid for full year subscription. I have downloaded many songs. Now if I try to play them the message comes "" unfortunately gaana stopped. Report etc. I sent the report but no use. I deleted the app and downloaded again. The subscription details are intact but downloaded songs vanished . Downloaded second time and same problem. I am fed up. They need to fix this bug urgently.",2,
,,,,,,
3,iTunes,"iTunes is the best way to organise and enjoy the music and movies you already have â€” and shop for the ones you want to get. Itâ€™s home to Apple Music, which gives you unlimited access to millions of songs, curated playlists1 and Beats 1 radio, hosted by Zane Lowe and a team of acclaimed DJs. Enjoy all the entertainment iTunes has to offer on your Mac and PC. Apple Music makes it easier than ever to play the music you love and the music youâ€™ll love next. Choose from millions of songs, including exclusive releases you canâ€™t get anywhere else. Once you sign up for your free, three-month trial,2 you can add all the music you want to the collection you already have, like purchases from the iTunes Store and songs youâ€™ve imported from CDs. So you never have to miss a beat.",,"1. Pros
-organizes music in an easy format (like several other available programs)

Cons
-takes up a lot of space 
-difficult to uninstall

Summary
I expected better.",1,
,,,,"2. Pros
Music organization. Only way (thanks Apple) to load music on my $50 iPod Shuffle.

Cons
Runs like it's built for Windows 95. Automatically sets itself to open on startup with every update. Updates come about once a week. It only updates after a restart. PC restart can take up to 10 minutes. And then you have to go in MSCONFIG to turn iTunes back off. Every, single, time.

Summary
Apple obviously wants you to buy Apple everything. It puts me in awe to see so many falling for it. iTunes works just fine on Apple products, surprise surprise. How this isn't illegal, I have no idea.",1,
,,,,"3. Pros
It manages songs and videos and it plays them properly. You can sync different devices but it's hard to manage multiple devices or multiple computers. I use it fairly often.

Cons
It's not the best. After each new update there are bugs and often they don't fix bugs from the last update. It's pretty glitchy but it works.

Summary
It's okay but it could be a *lot* better.",3,
,,,,"4. Pros
Individual songs are not that expensive.
Easy to use.
Has a wide selection on the store.

Cons
Froze up my computer one time.
Can take a long time to load up.

Summary
What's with all the bad reviews around here?",5,
,,,,,,
4,Red FM,"Red FM is an English radio station with a local flavour that targets listeners aged 25 to 34 years old. The station tackles topics that may not always be comfortable to talk about but needs to be addressed as well as topics that are naughty and cheeky cause who says adults need to be serious all the time. Representing Red FM are announcers who are funny and entertaining like JJ, Jeremy Teo, Kavin Jay, Azura Zainal and Terry Ong.
This is an entertainment radio network broadcasting from India. Red FM is one of the largest networks in India that won several awards. It programming focuses mostly on the best and most popular music hits.",,1. Not find any location from india.....mostly all frequency channels are from thiland side.It's worst install,1,
,,,,"2.  I get to listen my favourite programmes anywhere anytime, WTF, Jeremy, Terry, you're hilariously funny, Kavin and the red rav, news!!! YaaaaaY! Amen! Lol :P You guys are THE Best!!!
",5,
,,,,3. finally i can listen to redfm during my daily lrt commute without interruption ..awesome!,4,
,,,,4. player need try reconnect if disconnect due to network not stable.,4,
,,,,,,
5,wynkmusic,"Wynk Music is a free music download app for every mood!
Wynk Music has over 2.5 million songs across Indian and International music. Enjoy its huge music library covering all genres- Bollywood, Pop, Rock, Bhangra, Devotional, Emotional, Romantic, Party, Old Romantic retro songs. Also, listen to Punjabi songs, Tamil songs & music in other regional languages such as Bhojpuri, Rajasthani, Marathi, Bengali, Kannada, Gujarati, Telugu, & Malayalam. Not to miss, Ghazals & the latest & best of English music is also there for you.

So, whatever is your taste, be it old songs or new songs - find it all here & enjoy free download (for Airtel users). Plus, you can use it as MP3 Music player. It now lets you play music that is saved in your phone memory.

Stream and download unlimited old & new songs from our huge playlists created especially for you. You can even create your own playlist. The catalogue gives you trending songs sung by renowned international artists such as Enrique, Katty Perry, Lady Gaga & others, & famous bollywood singers like Arijit Singh, Yo Yo Honey Singh, Atif Aslam, Shreya Ghoshal, Armaan Malik, Lata Mangeshkar, Badshah, Mohammed Rafi, Mukesh, Kishore Kumar, Sunidhi Chauhan, Sonu Nigam. You can download old and new songs that featured actors like Deepika Padukone, Shahrukh Khan, Ranbir Kapoor, Katrina Kaif, Akshay Kumar, Salman Khan, Varun Dhawan, Priyanka Chopra, Alia Bhatt, Ranveer Singh, Amitabh Bachchan, Hrithik Roshan, Katrina Kaif & many more.",,1.  This app is great with good collection of songs. But all I can see is the list of all songs that I have downloaded. It badly needs a way to sort songs according to the albums to which they belong.,2,
,,,,"2. Hey wynk, i am trying to subscribe and complete payment process but its showing error again and again. Plz fix the error, so tat i can enjoy my music with you.",5,
,,,,"3.  Everything about this app is great, but it needs to have the feature of sorting the downloaded songs. Please fix that.",5,
,,,,"4. Add gapless music playing..and equlilizers..improve song quality..sound is crackling due to more treble..""GAANA"" app is best.",3,
,,,,,,
6,Soundcloud,"Millions of people use SoundCloud to listen to music and audio for free.
Wherever you are. Whatever youâ€™re doing. The SoundCloud app lets you hear more.

More hip hop. More rock. More electronic. More classical. More house, jazz, audiobooks, sportsâ€¦
 Discover new and trending music you wonâ€™t find anywhere else
- Find new favorites with suggested tracks based on your likes and what you listen to most
- Listen to your favorite tracks and artists from a variety of genres, countries, and artists
- Connect with friends and your favorite artists to hear what they share
- Personalize your listening experience by liking favorite tracks to listen later 
- Create playlists for parties, workouts, on the way to work, or whatever mood youâ€™re in
- Play, pause and skip tracks from lock screen 
- Sign in or register with Facebook, Google+, or your email

Upgrade to SoundCloud Go, and in addition to the SoundCloud you enjoy for free, you get to:

- Play all tracks
Access a newly expanded catalog of everything from Grammy-winners to garage bands

- Listen offline
Listen to your favorite tracks anytime, anywhere, with or without a signal

- Go ad-free
Listen without any ad interruptions",,"1. Only three things I want that would lead to a five star review are better uploading from mobile controls on par with the browser version, being able to see comments, and the ability to repeat a playlist or a single track like through a browser.",4,
,,,,"2. Spam accounts cannot be blocked or reported from within the app, can only be done via website. Visiting site on mobile device constantly opens app. Need to clear permissions to log in via browser and report. May not be clear how to do this for less savvy users meaning pornographic spam goes unreported. Very bad practice. Needs sorting.",1,
,,,,"3.  I only use sound cloud for podcasts. I wish I could download the content. Since I can't, I've found it struggles to stay in the same spot or not crash entirely when I pause the podcast and switch audio devices (vehicle Bluetooth to headphones to other Bluetooth speakers). It is very annoying. If they could fix that one thing I'd be much happier.",3,
,,,,"4. For some reason the audio sounds like it's bitcrushed on my mobile device pretty severely, and not just on my own device. About 90% of my friends have the same issues, and I presume it's those who have an updated version of the app. Curious to know if this is a side effect of trying to improve streaming? Please fix, audio quality was bad before and now it's unusable.",2,
,,,,,,
7,Jiomusic,"JioMusic provides truly Unlimited Ad-Free access to HD music in your favorite language without any barriers. Listen & Download your favorite HD Songs without any additional charges unlike other music apps. Listen it anytime, anywhere.
From latest Bollywood songs to hard to find Golden Classics, JioMusic comes packed with 1Cr+ songs covering across all languages, genres, moods and artists.
With a never before True HD Quality music (320Kbps) and beyond, enjoy a vast catalog of music library spanning across languages like Hindi, English, Telugu, Tamil, Punjabi, Malayalam, Kannada, Bengali, Gujarati, Bhojpuri, Odiya, Urdu, Assamese, Carnatic, Hindustani and more for all occasions.",,"1. This app dose not work at all, it looks good before we use it regularly, this is not working at all , quality is also very bad. In short this application is totally useless.",1,
,,,,"2. Whenever I download the song it plays only in the app and I open it in the file manager folder it shows in video format and can't play in the other music player , I really very disappointed . Please fix this surely I will rate it 5.",2,
,,,,"3.  It is better music app but not best as it does not have all the latest songs , for eg. songs of rustom . It needed some improvement like ,in searching songs etc. Thank you",3,
,,,,"4. we can select only one language and the home screen will display only songs from that language. give us the option to select multiple languages, and Recommendations on home screen should be from all the languages that we selected.",3,
,,,,,,
8,Hungama,"Hungama Music App provides free & unlimited access to listen to music online or download Songs & music videos from Bollywood, Hindi, English, Tamil, Telugu, Punjabi & many other Indian languages.
Diwali Offer, Get 50% off on Hungama Pro Subscriptions till October 31st 2016.

Plug in to the sound of music & entertainment unlimited - wherever, whenever. Get the free Hungama Music App and pocket over 3.5 million songs & music videos. From the hottest Hindi songs and the coolest Regional hits to chartbusting English songs; from the latest trending artists to beloved retro favorites and remixes â€“ we have songs to match your every mood! Our adaptive streaming feature guarantees you a stellar music experience as you can enjoy your selection of music and videos seamlessly without any buffering.",,"1. Have paid version features are not great when compared to other similar apps. Also you can't find all album songs here.. Only pros is cheaper compared to others. UI definitely needs lot of improvement. Not user friendly. To access Offline playlist you need to enable data, once you see playlist then you can go offline...",2,
,,,,2.  I have purchased 3 month hungama pro. I can't download or play some songs i really want to listen. I have reported the same from application also. My name is Muhammed Niyas. Iam going to uninstall this app. So guys please dont buy plans from this app. I am going to use any other app,3,
,,,,3. The Hungama Music PRO Subscription is awesome and it comes with 1 year free with Xiaomi Device purchase which is good..!!,4,
,,,,4. The downloaded songs are not been saved in phn memory hence can't move the song to sdcard / memory chip,3,
,,,,,,
9,Google Play Music,"Google Play Music provides free, ad-supported radio for what youâ€™re doing, how youâ€™re feeling, or what you want to hear. Instantly start radio stations based on songs, artists, or albums, or browse by genre, mood, activity, decade, and more. Bring your own music collection with you by uploading 50,000 of your own songs; then listen to them across Android, iOS, and the web, for free.
Subscribe to get on-demand access to millions of songs and download anything to listen even when youâ€™re not connected - or sign up for the family plan on Android to provide access for up to six family members for one low price. Plus, subscriptions come with membership to YouTube Red, so you can enjoy YouTube ad-free, in the background, and offline.",\,1. Love everything especially recommendations. Lost a star as version 7 homepage really is an astonishingly ugly mess. All other screens have space around art. Homepage just smashes busy random imagery together and has no sense of consistency whatsoever.,4,
,,,,"2.  The radio feature is very good, but when you try to make your own playlists and change the order of songs on them, it usually reverts or partially reverts it when it syncs. I've reordered songs and literally seconds later, before my very eyes they switch back to how they used to be. Needless to say this is very frustrating. (I'm using a Galaxy S6 Edge)",3,
,,,,"3.  Inability to switch payment options after 3 month trial, and lack of support from Google is irritating. Sometimes lags when skipping tracks.",3,
,,,,"4. Why its the album art zoomed in? It makes it look low quality. And there is also a bug with the unknown album folder on the desktop version that says ""couldn't connect to station"".",3,
,,,,,,
10,Pandora,"Powered by the Music Genome ProjectÂ®, the most comprehensive music analysis ever undertaken, Pandora gives you personalized radio that plays what you love and continually evolves with your tastes.
â€¢ Create personalized stations from songs, artists, genres, or comedians
â€¢ Browse hundreds of curated genre stations to find the perfect match for your mood or activity
â€¢ Create an account and listen on desktop, mobile, TVs and home devices, or in your car
â€¢ With Pandora Plusâ„¢ (formerly Pandora One), you can listen ad-free, skip and replay all you want, and enjoy your favorite stations offline â€” all for only $4.99/month (new Plus features are currently only available for our US listeners).

Note: Pandora may use large amounts of data, and carrier data charges may apply. For best results, we recommend you connect your device to trusted Wi-Fi networks when available",\,"1. The widget doesn't work Been using the app for years, never really had issues with it until recently. I can place the widget on my home page but it remains blank. Doesn't show whats playing or any controls to skip on thumb up or down, etc. Just a blank blue widget. It has Been like this for months, i was hoping it would be fixed but still hasn't. Tried moving the app back to internal storage, uninstalling, reinstalling, clearing cache, removing and replacing widget, restarting phone but nothing worked.",3,
,,,,"2.  I love pandora, even with the ads, but it has been stopping literally after every song, no matter what station I'm on, and just freezing. It's not the Internet. And I deleted the app for a couple of months and just uploaded it again and the same thing is happening! Help!!",2,
,,,,"3.  I keep trying to get away from Pandora but I always find myself coming back to it. Pandora's algorithms for finding similar music and creating stations just seem fat superior other services. However, if Pandora expanded its services to match those of Spotify our Google music than Then it would be number one. Also an option to exclude live tracks would be the best!",3,
,,,,"4. The app does what the free app is supposed to do, so that is fine with me. However I had to move the app from the primary location in my streaming folder to the last location. The non descript splat from a giant blue seagull just couldn't be tolerated as a folder icon on my home screen. . . Think about what your companies core purpose is, think about why you called yourself Pandora, sleep on it and then get your brief together and get an artist to do a worth while icon.",3,
,,,,,,
11,Last.fm,"Millions of people use Last.fm every day to track the music they listen to from their favourite services and power their music & event recommendations.
Tracking all of the music you listen to via your Android device has never been easier.

This update includes the much requested support of Soundcloud, plus the following services:

- Spotify
- Deezer
- Rdio
- Google Play
- And many more!

The app also allows you to:
- View your personal artists, albums and tracks charts
- 'Love' tracks",,"1. This app is a joke Ugly ads. Everything in settings opens up a window in my phone's browser, which would be bad enough but the website is awful too. Plus there's no way to turn off the persistent notification, so now I have to have it taking up space on my notification bar. I just want it to run in the background.",1,
,,,,"2. It scrobbles only the first song played. What is the point, then? Actually, this behavior occurs whenever a bluetooth speaker is used - only the first song is scrobbled. If the music is played on the phone itself or with headphones, no problem. Unfortunately, I use bluetooth speakers A LOT - by my bed, in the car, on my bike. For the record, I am using a Samsung Galaxy S7 phone, android 6 (Marshmallow), scrobbling from Google Music app.",3,
,,,,"3. Minimal, Lazy Effort Really, all it does is scrobble. You can't even hit the love button on a recent track unless it was recorded by the app itself. It really serves no purpose for me as a lot of music players will scrobble on their own. And it doesn't even do that well either - there are toggles to disable for certain players (e.g. Spotify), disabling does nothing and you end up with double scribbles anyway. Frustrating. Will be installing a third party app instead...",2,
,,,,"4. Finally redesigned Gingerbread era design is finally dead! Nice update but could still use more features from the website. So many times clicking something kicks you out of the app and into the browser. Plus Last.fm is supposed to be a social website, but there is no social aspect to this app.",3,
,,,,,,
12,iHeartRadio,"iHeartRadio lets you access the world of music and radio in one simple app. Download today to listen to top radio stations, music, news, podcasts, sports, talk, and comedy shows.

iHeartRadio is easy to use, and best of all, free.
The Best Live Radio Stations & Podcasts from Around the Country
iHeartRadio has the most popular AM and FM radio stations from cities across North America like New York, Los Angeles, Phoenix, Denver, and even Mexico City.

Catch music countdowns and live talk shows from top radio stations like 106.7 Lite FM, Z100, KIIS FM, KTU 103.5 & Power 105.1 FM in NYC, 104.3 myFM in Los Angeles, and Wild 94.9, which covers the Bay Area from San Francisco to San Jose.

Are you a Podcast junkie? Check out new or past episodes of your favorite podcast and news shows like Ted Talks, On Air with Ryan Seacrest, The Breakfast Club, Bob and Tom in the Morning, Elvis Duran, and The Bobby Bones Show.",,"1. I've used iHeartRadio religiously for a few years now. On several different phones from HTC's to Samsung's on the Galaxy platform; I am now exclusively an iPhone user and have had iHeartRadio on a 4s, 5, 5s, 6, and today I purchased a 7 plus. iHeartRadio was the FIRST app I downloaded. As always- functions perfectly! I am listening now as I post this rating. I saw a few people saying it's no Pandora... And thank God for that! VERY VERY rarely do you have any commercials and that's only at app start up!",5,
,,,,"2.  It has a great variety of my favorite stations & songs. Plus, it has a wonderful variety of music made for relaxation & sleep. The sleep mode was what turned me to iHeartRadio in the first place. Also, I like that when you favorite a song, the app does a pretty good job of finding similar songs. However, there are a few annoyances:1.I can't group my fav songs into categories.2.I can't pick what songs I want to listen too.3.Certain stations I liked sometimes won't play.4.Sometimes a fav station gets deleted.",3,
,,,,"3.  I like the app, however, I HATE when my notification tray gets cluttered. That being said, I just received a notification from this app recommending a new station. I checked my settings and push notifications are disabled so I have no idea how to stop these kind of annoying advertisements from pushing to my notification tray!",2,
,,,,"4. Not thrilled with newest update Used to effortlessly be able to jump over to my saved favorite channels once I tired of certain artist genre. Now instead of taking me to the station it takes me to an artist bio +top hits list page. If I needed that, I wouldn't have the artist as my favorite already!! How about you move the profile to ""options"" or something (the ... on the station page). Also, the new I love radio blurb says I can now get ABC news + TED Talks. Excited, I searched your channels; they aren't there!",2,
,,,,,,
13,Radio Mirchi,"A free radio player to listen to Hindi Radio Mirchi 98.3.
Note: This app is an internet radio player and is not affiliated with this or any other radio station. This app does not host the channels being played and is not responsible for the content or language used in the channel.
All reasonable efforts are taken to ensure that the channel used in this app is free for public consumption, but in case we mess up and end up using your non-public channel, please write to us to remove the channel/player.",,1. Fake because It is Not Radio Mirchi It is not Radio Mirchi. It is like mp3 player only.ðŸ‘ŽðŸ‘Ž,1,
,,,,2. Wrong description of app It's not radio mirchi... It's just like a mp3 player... Dev. team kindly correct the name of app...,1,
,,,,3. Excellent application Few suggestions are. On and off timer. Themes change with gfx type...,4,
,,,,4. Good Very good app its esy useful and clear saund quality...,4,
,,,,,,
14,POW-Star Plus,"Most awaited show of Star Plus POW Bandi Yuddh Ke started from 7th November. POW is a star-studded show and makers have already announced that it will be a table turner for Indian Television. Most of the stars acting in Badi Yuddh Ke have worked in Bollywood movies. Director Nikhil Advani is famous for films like Kal Ho Na Ho. First Episode of POW Bandi Yuddh Ke was an emotional feast for television viewer. Actors like Sandhya Mridul, Amrita Puri, Purab Kohli, Satyadeep Mishra and Manish Choudhary are convincing and impressive. Series is based on 2 Indian army soldiers who were kept prisoners of war during 1999 Kargil war in Pakistan and they escaped.",,,,
,,,,,,
15,"Bhabhi Ji Ghar par hai
 - &TV","The show is set in Kanpur and revolves around two neighbouring couples. Manmohan Tiwari is a successful undergarment businessman, whose wife Angoori is a simple and naive housewife. Their neighbour, Vibhuti Narayan Mishra, is an unsuccessful and unemployed insurance policy agent, often called ""Nalle ji"" (unemployed), who spends his time doing household chores. His wife Anita is a headstrong, smart and modern lady who has also been crowned as a beauty queen. She is the breadwinner of the family, and her husband's unemployment and laziness irritate her. As the men devise schemes to impress each other's wives, they pull each other down and create problematic situations.",,"1. The title, the Concept, Actors, Story line, all are perfectly directed! This is the first time in Indian television, this kind of a perfection is shown which must be highly recommended and appreciated by the critic/reviewers. Paglet - Saxena Ji , Happu singh, vibhuti,2 londe, Tiwari are doing their great work in this serial who never seen in any other pathetic series which meant to be the first time these guys are working on for this splendid series BJGPH and doing the tremendous work as compared to any comic serials/roles. they should be awarded for the same , If not , this will be shame for them who is getting awarded for their pathetic work like working with Ekta Kapoor's Sas Bahu kind of serials!!! Good luck for this series! Do promote BJGPH folks and offer what they deserve! Cheers!",4,
,,,,"2. After long time there is one must watch Hindi serial. I really enjoy this show. The cast, the direction, the script, the dialogues, the acting everything is great in this show. This show needs more recognition what it deserves. The trademark dialogues like ""Sahi pakde hain"" , ""I like it"" are well timed. The Angoori Bhabhiji's Bhojpuri lines inspires us also to use it. The two day story also works well. The lead actors as well as supporting actors are very talented. Each character is very well written. What works well is the comedy is very well timed. Anita's modern women character is delightful. Angoori's innocent nature is loved by all. Vibhooti's style is hilarious, Tiwari's expressions are funny. Among supporting characters Ammaji and Saxena are very interesting. Hats off to the production house for pulling out such a great show...",4,
,,,,"3. First time ever Indian television house has launched a serial which is full of entertainment and more importantly any age group/anyone can watch this with whomever they want to watch. I love the cleanliness it has in its quality, plot, dialogs, story acting. Far away from vulgarity. It really fills my heart with joy and laughter with each single episode i watch. Talking about writer and cast, each cast is doing a great and wonderful acting. Hats off to writer for Putting all their effort to make us laugh without involving any vulgar or dual meaning jokes. All characters has their own identity because of which we love their acting and very much different from each other. Not to forget to mention the dialogue delivery of all the 4 pillars of this show ""Anguri bhabhi, Anita jee, Ladoo k bhaiya and Barbhooti jee"". Thanks a lot Shashank Bali.",5,
,,,,"4. I am one of those people who never care to appreciate anything easily. However, I must admit this show has really helped me to relieve my stress levels after days long work. Everything is so perfectly done, it doesn't make you feel the show is ""over done"" for sake of comedy. The story, script, dialogue, acting are so perfectly timed. Every character has its own unique style. The UP accent of Daroga, innocent bhojpuri of Anguri, 2 londes, Saxena, Tiwari, Gori mem, Ammaji, Vibhuti and recent character of Vibuti's character are so well written and implemented. Every one has done so great job. Even watching repeated broadcast is always a delight! The story writing team is always bringing new ideas into the show to make it worth watching without a miss.",4,
,,,,,,
16,Naagin- Season 2 Colors,"The fantasy fiction show is produced by Balaji Telefilms and is telecast as bi weekly torture, every Sat-Sun at 9 pm on Colours. Like its many of its predecessors in this genre have enlightened us, there exists such a creature as the Ichadhaari Naagin. One moment a snake, another a woman, or a man, this shape shifting terminator is the Uma Thurman of the reptilian world. Predictably we only encounter them when they are out to get revenge for the snakicide of a family member. Fasssscintaing....The show must be awarded for creating the most stilted one dimensional characters of recent times. Protagonist Ritik Raheja (Arjun Bijlani) is a rich businessman (yawn) who has to get married before he turn 25 to avoid a glitch in his horoscope. Otherwise engrossed with his phone and laptop, Ritik's heart warms instantly to snake woman Shivanya ( Mouni Roy) posing as a poor maid at his palace. His Father, Ankush Raheja (ManishKhanna) gets facials, pumps iron and manhandles his wife to seem scary. Mommy Yamini (Sudha Chandran) spends time with priests and astrologers trying to appease them into forgetting her husband's snake killing past. Arjun Bijlani tries in vain to make his character interesting, and while the man is easy on the eye there is very little he can work with. Sudha Chandran tries earnestly to breathe life into her role but her flashlight bindis are more interesting than her role. Manish Khanna father is suitably evil looking and has rather reptilian eyes but needs to be told that acting cool or scary is not acting. The saaging supporting cast includes drinks a lot sister, nerd cousin, and other folks who don't contribute in any way to taking the story forward. In the middle of this mess is another Naagin (Adaa Khan) who serves as a red herring in the first couple of episodes but it's not quite clear whom she has her fangs set on. There is no emotional connect with any of the main cast and 5 episodes into the show, one can't wait for the killing to start to save us from watching their expressionless faces.",,1. We didnâ€™t want to watch karanveer as Rockyâ€¦.he. Will be replaced by someone..And most of all Arjun is the right choose â€¦please cast Arjun as Rockyâ€¦.,1,
,,,,2. Arjun bijlani and mouni roy is best for nagin 2 So plz cast him and make it sime twist.already zee tv present yaron ki barat which give a competition to it,2,
,,,,3. Karan is not correct choice for naagin2.he is not looking as good as arjun in his role,2,
,,,,,,
17,Shakti Colors,"The story is about two sisters, Soumya (Rubina Dilaik) and Surbhi (Roshni Sahota). Soumya is not liked by her father and grandmother, but is adored by her mother. Surbhi gets all the attention from her father. Soumya is a calm and quiet girl, but Surbhi is a fun-loving and loquacious girl. A trouble-maker, Harman (Vivian Dsena), breaks into Soumya's house while running away from some goons. While there, Harman develops feelings for Soumya.

Harman learns that Surbhi did called the goons and decides to kidnap her but kidnaps Soumya by mistake. Harman releases Soumya the next day, but all the villagers accuse her of sleeping with Harman. To avoid insult to both the families, Harman's father orders him to apply sindoor on Soumya's forehead and Harak Singh inform to the villagers that he will bring his daughter-in-law together with him after the married done with full of rituals. Nimmi, Soumya's mother, is shocked to see that Soumya is married to Harman.

Soumya's mother worries that Harman isn't the right match for Soumya because he might go against her after knowing Soumya's truth. Despite the protests of Harman's mother and Soumya's father and grandmother, Soumya and Harman get married. During the wedding Soumya's grandmother tries to poison Soumya, but she recovers. After the failed poisoning, Soumya's father tries to poison her with a poisonous snake disguised as a snake. Surbhi finds the snake and replaces it with bracelets, and Soumya remains unaware of the attempt on her life. Harman called Soumya as Gulabo and some romantic moments happened between Harman and Soumya.

Later Soumya is shocked to learn that she is transgender and attempts suicide, but Harman saves her. When Harman makes a romantic advance, Soumya reveals that she is transgender and that she loves Harman. Harman becomes enraged and Nimmi begs Harman not to reveal Soumya's secret. Soon Harman and Soumya become friends. However, Preeto finds out Soumya's secret and has Soumya exiled to a transgender society. Meanwhile Harman and Surbhi try to find Soumya as they do not know that she is in a transgender society. Meanwhile Harman realize that he has fallen for Soumya.",,1. i really love this serial . n this new jodi.... both are made for each other.. No .1 serial this is,4,
,,,,"2. It''s nonsense story ,I dnt why the ppl are watching it.. No sense at all .. Love story with transgender like seriously dude.",2,
,,,,"3. Trangender has nothing to do with the genitals, rather it''s to do with whether a person feels that they have the or female behaviour and characteristics that society claims are essential for a person to be identified as being male or female. if a person feels they do not conform to these standards set by society and don''t feel like the gender they are on the outside then they may choose to adopt the characteristics of the gender they feel they relate to the most. For example a male may feel more feminine then masculine and hence may want to be identified as a female instead. But these idiots and you guys yourselves have no idea about all the terminology. I understand kinner is a umbrella term for all the sub-categories but why use the term transgender to translate the term kinner in to english when that is inaccurate especially considering the way the story is portraying transgenders.",4,
,,,,,,
18,"Yeh Hai Mohabbatein 
Star plus","Ye Hai Mohabbatein, based on a novel Custody by Manju Kapoor, showcases divorce, infertility, remarriage, mature love and deals with societal issues. It follows the story of Raman and Ishita who are connected by their common love for Raman's little daughter Ruhi. Ishita is a Tamilian whereas Raman is a Punjabi.Ye Hai Mohabbatein, sometimes spelled Yeh Hai Mohabbatein (English: This is Love), is an Indian soap opera that airs on Star Plus. It premiered on 3 December 2013[1] and airs Monday through Saturday nights. It is produced by Ekta Kapoor of Balaji Telefilms. It is based on Manju Kapur's novel Custody.
It looks like we don't have any Synopsis for this title yet.
Be the first to contribute! Just click the ""Edit page"" button at the bottom of the page or learn more in the Synopsis submission guide.",,"1. Yeh hai mohabbatein is a programme comes in a television of a star plus channel.in star plus channel most of them we see a programme channel mostly all times it is a channel always of ladies , women , or girls programme because they live home than boys so they keep watching this type of programme at sitting at a home.Ishita and toshi are the main roll of a yeh hai mohabbatein.this two ishita and Toshiba are a main roll which they uses in this television programme without them yeh hai mohabbatein programme is complete without them.

",2,
,,,,2. First of all I would like to say this serial was one of my favorite when ruhi was a little kid and the chemistry between raman and ishita has been started but right now I really feel that it is the worst serial and star plus should stop this serial with a really good THE END episode where everyone is happy including shagun.,1,
,,,,"3. Yeh hai mohbaatein has completed more than 2 years on tv and I m 100% sure that this show has never shown a single episode without nonsense in it.

This show is pure nonsense whether its story or direction or what not.

The story of the daily soap is fixed.there is a female lead and she will save her whole family from the evil strategy of the villains and in every 10-12 days this is the story that circulates but everytime in a new packet.

One thing about show that goes in favor is that the perfamnce are decent and watchable but other than that it is a pure torture",2,
,,,,"4. What the hell is going on in this serial I just dont get it. I never did actually. No one dies, no one gets actually killed, no one gets actually pregnant from one man. I completely hate this shitty dram serial. Non sense totall non sense. Marrying the same person over and over again doesnt make a good drama but it truly makes a mess.",1,
,,,,,,
19,Kumkum Bhagya Zee tv,"Kumkum Bhagya' is a show following the life of a Punjabi matriarch Sarla Arora who runs a marriage hall and lives with the hope of seeing her two daughters Pragya and Bulbul who're poles apart, happily married some day.Pragya, the elder daughter, who is practical, hardworking and committed to supporting her family though she's barely finished her own studies, she teaches at a college to ensure that her mother Sarla's meager earnings from the 'Kumkum Bhagya' marriage hall never fall short in making the two ends meet. In the midst of all this pressure on her, she's forgotten how to unwind or pursue any passions of her own. Bulbul, the younger daughter who has her head in the clouds. She's vivacious, smart, stylish and a complete dreamer. It barely occurs to her to snap out her own make-believe, rose-tinted world and be of any real use to her family. The show takes us through the lives of the 2 sisters, their hopes dreams and aspirations.Simultaneously runs the story of Abhi who is Rockstar with a cult following of his own and Suresh, the college professor who works closely with Pragya. Having led a tough life in the military and lost most of his close ones, he is an embittered soul with much angst and pent-up frustration about life....Kumkum Bhagya Every Mon- Fri 9 pm only on Zee TV.",,"1. In the start this shhow is very good bt now this show is to boring. They show same thing repet and repet

. There all cherecter are very boring . Or kavi bhi un ka kumkum bhagya nahi milta ha. Mujya lagta ha un ka kumkum bhagya ganga g ma bah gaya ha. Agar serial agay chalna ha toh kuch hat k karna padega warna band kar lo serial.",1,
,,,,2. I am one of the very biggest fans of Kumkum Bhagya. It is such a very good serial I have ever seen this. one of the most watching serial by me. one of the fabulous serial. don't know what to say I am so excited to watch the serial whenever it comes. I don't want to wait for the next episode I want to see the whole series at a time. it's a great punishment for me to wait for the next episode and to wait to see the chemistry between Pragya and Abhi I just love this serial and wanted to see more episodes,5,
,,,,"3. Kumkum bhagya is a daily soap of zee tv telecast at 9 p.m. Monday to Friday. I like to watch the chemistry between abhi and pragya but I think this show has no connection with reality. Abhi behaves like he doesn't know about what happens with him and his family and pragya blame s herself for each and every problem and solution also.

Now a days abhi lost her memory of two and half year and this is irritating. What the story wants to prove nobody can understand. Some comic event are interesting.

Hope abhi and pragya meet for ever after.",3,
,,,,"4. When kumkum bhagya get started I used to see sometimes as it was new serial and concept was also good how rockstar and common girl will fall for each other .then the story started slowly and they get married off and fall in love slowly but now I feel that this serial should be stopped , they are stretching it up unneccessary and it is boring now.whenever now I comes up I switch it on to another channel .it is unbearable.new shows should be come up with instead of this show.actors are good and hard working.problem now is that plot has become boring and trp as also come down as other new and interesting shows are coming up then who will watch this boring serial.",2,
,,,,,,
20,"The Kapil Sharma Show 
Sony","The Kapil Sharma Show is an Indian Hindi stand-up comedy and talk television series which premiered on 23 April 2016 and is broadcast by Sony TV. The series revolves around Kapil Sharma and his neighbors in the Shantivan Non-cooperative Housing Society.

Development began in December 2015, when Sharma announced his plans to create a new show for a Hindi general-entertainment channel other than Colors TV. The series received mixed reviews; one critic said, ""Kapil Sharmaâ€™s wit and funny one-liners bring a smile"", but another called it ""dull and disappointing"". It has received positive feedback from audiences, gaining top TRP ratings in the non-fiction category.The series' format is largely identical to that of Comedy Nights with Kapil. The Kapil Sharma Show revolves around Sharma and his team of comedians, including Kiku Sharda, Sunil Grover, Sumona Chakravarti, Chandan Prabhakar and Ali Asgar, who play residents of the Shantivan Non-cooperative Housing Society. Each episode features Bollywood celebrities, who usually promote their latest film, and joke with the cast. Navjot Singh Sidhu plays a judge who impresses the celebrities with his poetries.",,"1. The jokes are simply not funny. I kept wondering what the audience is laughing for. Perhaps, the audience is paid to laugh. The script is poorly written. Of 20 jokes cracked, one might find 0- 1 joke funny. Rest all get laughs for no reason. ",1,
,,,,2.  Pretty women are treated very poorly on the show with sexist jokes. Humour should not be insulting or mocking or sarcastic or sexist. Kapil Sharma should go back to school and learn the true meaning of humour. ,2,
,,,,"3. Most of the jokes are insulting on women. Kapil Sharma's lines, particularly, are insulting, mocking, and plain rude. It is unfortunate that this show continues to get shown on TV today. Shame! ",3,
,,,,"4. Role of Navjot Singh Siddhu is unclear. Sindhu rarely brings anything to the show. He sits there and laughs with the audience, whether the joke is funny or now. I feel a bit sad for Siddhu.",2,
,,,,,,
21,Brahmarakshas Zee TV,"Rishabhâ€™s mum is in danger. BrahmaRakshas will kill anyone who comes in his way. Rishabh and Raina are trying to save his mum. Raina has kept lotus and want to save his mum. BrahmaRakshas has spread his terror again. This time, he attacks on Mohini. He drags Mohini with him. Mohini screams and shouts for help. Everyone come and witness the incident, but are helpless.
BrahmaRakshas makes Mohini hand in air and throws her down. Rishabh does not understand why BrahmaRakshas attacked on Mohini, when she did not wear bridal dress and sindoor. Rishabh shouts and everyone stop Rishabh from going there. Raina goes ahead to save Mohini. Rishabh and Raina could not save Rakhi. Raina is sure that lotus will control the devil. She does not want to lose Mohini and runs after the devil. Raina wants to stop BrahmaRakshas, but fails again. BrahmaRakshasâ€™ anger and the secret behind taking away Mohini will be seen in track ahead.",,No reviews,,
,,,,,,
22,"Taarak Mehta ka ooltah
 chashmah Sab Tv","Taarak Mehta Ka Ooltah Chashmah is an Indian sitcom produced by Neela Tele Films Private Limited. The show went on-air on July 28, 2008. It airs from Monday to Friday at 8:30 pm and is repeat telecast at 11:00 pm and the next day at 3:00 pm on SAB TV. The show started its re-run on Sony Pal from November 2, 2015 at 12:00 pm and 8:00 pm everyday.

The show is based on the column Duniya Ne Oondha Chashma written by columnist and journalist Taarak Mehta for Gujarati weekly magazine Chitralekha.

On October 2, 2014, Prime Minister of India Narendra Modi invited the entire team of the show to take part in the Swacch Bharat Abhiyaan. Recently the Polish deputy prime minister visited the sets of the show.

The show was declared by the Limca Book of Records as the longest running comedy show after completing its 1700th episode on June 22, 2015. The show completed its 2000 episodes on August 11, 2016.",,"1. Taarak mehta ka ulta chashma is one of the best show on Indian Television. I really love this show. The show is based on the happenings of a society named Gokuldham. It is based on the day to day life of its members. The society members are from different Indian cultures & communities and still they live together in peace and harmony. They celebrate festivals with each other. There are lots of characters on the show & every character is unique and funny. The story revolves around the Jethalal and his family. There is a kids party called as Taapu Sena. The thing i love in this show is, it teach us how different religions people can live together in peace. Laugh and Learn... Totally Recommended..",5,
,,,,"2. First of all, the comedy content is somewhere lost in the show.. And all credit goes to madam Daya ( daya Karo ab Tum) and Tapu Sena.. Don't know why Asit Modi is so relying on silly Daya when there are so many talented characters in the show such as Bhide, Sodhi Baha'i, Iyer, popatlal and of course jetha with Babuji.. There has been a huge transformation in the show, earlier the content used to be a hilarious ride along with a social message.. And every story was linked to the other one.. However now they keep on annoying us with Daya and her irritating voice with weird faces.. I hate her.. They should stop dragging the show in order to make record of episodes and should start writing some good comedy episodes.. Even the direction has gone poor.. Earlier it used to be a stress buster but now the show has started giving us stress and irritation.. Please do something about it otherwise please wind up the show.. Humble request..",1,
,,,,"3. Very disappointed as daily viewer of this show. I know, I started watching this show in early 2011. That time this was my Favorited show. But day by day they are decreasing their quality of comedy. They are loosing the charm of comedy. Earlier episode of Jetha and Babita was very funny ever. But from the year 2014 to still in 2015 director Asit modi and Character of Tarak Mehta (Shailesh lodha) thinks people are fool, & they will watch what we show to him, this was seen when Daya's mother was not came in the serial, audience was made fool when Daya's mother was going to come but really she didn't came in the serial. They also thinks, We can make people fool easily by showing third class quality of written all last 300 episodes. Sense of humour is lacking in all last episodes. I will request all loyal viewers to don't watch this worst Daya's centered show. The worst character of this show. Please increase your quality to make viewers happy.",1,
,,,,"4. I don't understand Hindi much, but this serial WAS amazing. Story, Action and everything WAS amazing (till 2013/or 2014). I did not see this kind of clean comedy anywhere. English Sitcoms are also amazing, but they are mostly based on Adult content.

Since one year, the quality has been degrading, very much.

If they don't improve it, the viewer-ship will RAPIDLY be going down. And coming to Male or Female domination, we should think this is just for fun. There are Female dominated/oriented families (Ayyar and Babitha, Madhavi and Bhide), so we can not point out this. Overall, this was amazing and hilarious serial. But now, everything is very very boring. Direction, Story, Action, Settings, and even the camera as well.",5,
,,,,,,
23,Bigg Boss Colors,"The show Bigg boss is very famous reality show on colors channel. This format is taken from the reality TV show Big Brother that was discovered in Netherlands.In past ten years the TV show has gained popularity in India. There are nine seasons that are already broadcasted. The Big Boss house is a well decorated house. That usually has one or two bedrooms, kitchen, activity area, gym,swimming pool and a big garden.All the contestants are called as housemates. These housemates are kept isolated from rest of the world and are locked inside the house with cameras. This house is built every year and it away from Mumbai. Every week there are nominations of the contestants for eviction. The contestants who receive the major votes are nominated.

These nominated contestant appeal the public to vote for them so that they stay safe. The nominated contestant who gets the least public votes is evicted from the reality show. There are few finalist from whom the final contestant of the show is selected who is also based from the public votes.",,"1. Bigboss 10 becoming day by day very much interesting because of only common man they are playing there game sharply , I want to warn celebs that aam aadmi sota hua sher hai ungly mat kar nahi to cheer phad kar dega. Manu and Manveer were playing there game very intelligently I wish u keep rocking man. Please guys vote seriously ",4,
,,,,"2. big boss 10 making clearly unfair decisions to indiaWale.
Every week Indiawale is elimated purposely who is entertaining show. And all celebrities who are lazy uninterested and thinking themselves educated are dumb and making show flop. Big Boss if u want to eliminate all Indiawale than why you gave them chance.. Shame on your decision big boss.",3,
,,,,"3. Dear maker of Big Boss kindly donâ€™t bring common people, we are a big fan of BB since season 1 but this time it is so boring, we donâ€™t feel like watching even. Specially Manu & Manveer they donâ€™t know even how to talk. Totally disappointed this time. Atleast Mr. Khan is there who is very entertaining so we can watch Saturday and Sunday episode. Bring in few more celebrity, I think that will increase the TRP also. Thank You",3,
,,,,"4. I feel that this is the worst season of big boss bcoz of 3m(mona, manveer & manoj ). These guys are not completing any single task & always ready to fight.",2,
,,,,,,
24,MTV Roadies,"MTV Roadies is a youth-based popular reality television show on MTV India. When asked about the show, executive producer said, ""Roadies has travel, adventure, drama, touch of voyeurism..."".Raghu Ram and Rajiv Laxman, the creators of Roadies, have left the show in 2014. They told the media that they wanted to give chance to the new generation to carry forward the show and they have done enough to popularise the show.The auditions of this reality TV show were conducted by popular VJ's like Raghu Ram, Nikhil Chinapa and Rajiv Laxman. From 12th season onwards, the auditions are conducted by Rannvijay Singh, Vijender Singh, Karan Kundra and Esha Deol. In the 13th season, Vijender Singh & Esha Deol were replaced by Sushil Kumar and Neha Dhupia respectively. Sushil Kumar was later replaced by Prince Narula, the winner of Roadies X2, Splitsvilla 8 and Bigg Boss 9.

The applicants are first asked to fill out a form and then attend a Group Discussion (GD). The form consists of basic questions regarding the applicant and includes some questions like ""Why do you want to be a Roadie?"" and ""What is the greatest regret of your life?"" etc.

Moderators watch the performance of all the applicants in this GD and then they shortlist some people who are called on the next day for the Personal Interview round.

This personal interview takes place with some of the above-mentioned VJ's. And These interviews are known to be intense and try to bring out the true nature of the participant. These interviews often have abusive language and the interviewers don't like applicants who have lied on the application form. The interviewers always stress on not lying in the application form and showing who they really are, instead of portraying a false personality in front of them.",,"1. I used to love this show when it had raghu ram & rajiv lakshman. the show used to be so badass & interesting back then, also the interviews were much much more awesome.!

now the whole concept has been made sh* t, literally. it looks more like a talent judging show rather than a badass reality show. everyyear they now take an actress with a f* cked up career & a sports man that has no knowledge about anything & tries his best to act cool - along rannvijay and karan kundra. it would be a much better show if they held auditions like they used to be.",1,
,,,,2. I Like this tv show am a big fan of roadies I love to watch the physical tasks performed by roadies & gang tasks.physically and mentally strog contestent can only win the show.ranveejay is best as a gang leader I like karan kundra also Gealyn hosting is gud.all over it is best show then other tv shows bocz common people participate in this show It love it.roadies keep rocking. am waiting for roadies x5,4,
,,,,"3. I want to be there. People are saying that it is a very abusive show yes it is only for those who are not give respect women's and not genuine but who capable to survive in the show and genuine person. And I love the concept of this show it is the show where you prove yourself and earn respect for yourself and last 2 session were superb but I miss raghu and rajeev . I wish that bani come as next session as a group leader and karan , ranvijay is good . But neha not do so much and I don't like her at all.",5,
,,,,4. Roadies is a awesome show yes splits villa is a good ahow but roadies is way difrent then that most of tge time who participate in roadies then they come to splitsvilla thats how roadies has grown so far and tge audience are building over the year so much .i really like thia show as it show unique talents of a person I agree with the fact tgat peole dont miss even the audition process of this show so much entertaining and unlike splitsvilla show it does not look like scripted made only for entertainment pourpose.currently roadies is the number 1 show running in television.,4,
,,,,,,
25,Super Dancer Sony Tv,"The Future of dance is here!
Here's your chance to win Gift Vouchers from Sony LIV! All you have to do is to share your favourite Top 12 Super Dancer Finalists on Facebook, Twitter and Google+ and make them as much popular as you can. The more you share, more are the chances for your favourite contestant to score maximum on popularity meter. 20 most active users on Super Dancer site will have a chance to win the Gift Vouchers worth Rs 5000 from Sony LIV.
",,,1,
,,,,,,
,,,,,,
,,,,,,
,,,,,,
,,,,,,
26,Rising Star Colors,"Colors Televison brought to you the Live Singing reality show for the very First Time in Country. Here is the Auditions Date, time and Venue we love to mention. Auditions going all over the country for the best singing sesation. See the Locations and Timings fro the Auditions.
Rising Star 2017 Singing reality show is the live Singing reality show. See the detailed auditions Schedule below. Register for the Auditions and you can be part of it on the specific date and Time mentioned at the nearest location. A musical talent show, in which contestants showcase their talent and the viewers are the judges, voting through an application during song performances.",,1.Rising star is pretty much my favorite show ever! (This summer..) I think the contestants sing choices are pretty appropriate. God message never to give up I give it a big thumbs up,3,
,,,,"2. I think it teaches kids what ever you love, go for it and it can happen. Now there is some minor swearing in the show but the talk so fast you can barely hear it. And you profile picture is optional. It also teaches kids that you can't please everyone.",4,
,,,,"3. Nothing can't save this boring, bland, Idol wanna be show.",1,
,,,,,,
27,Savdhan India Life Ok,"Savdhaan India - India Fights Back (English: Attention India! - India Fights Back) is a Hindi-language crime show aired by Life OK and STAR Utsav owned by STAR India.This show is hosted by Sushant Singh, Gaurav Chopra, Mohnish Behl, Pooja Gaur, Saurabh Raj Jain, Hiten Tejwani, Divya Dutta and Siddharth Shukla. Also Actor-filmmaker Sunny Deol will host a special episode, which will shine the spotlight on the growing number of rape cases in the country. It focuses on real-life crime incidents in India and the story of struggle of the victims in order to get justice for their sufferings. 
Initially the series aired on Star Plus.A rebooted version of the series called Savdhaan India - India Fights Back began broadcast on Life OK on 23 July 2012. Versions of the program (focusing on a particular Indian state/city) have also aired as Savdhaan India - Maharashtra Fights Back, hosted by Shreyas Talpade, Savdhaan India - Mumbai Fights Back, hosted by Atul Kulkarni[6] Savdhaan India - Punjab Fights Back and Savdhaan India - U.P Fights Back.",,1. Savdhan India is the best serial on life OK. I love this serial and my family too. We know all information about our surroundings. In this serial the police do their work with punctuality and discipline. It's a reality show. They show all the realities of the countries. They give awareness to the people about the happening in the world. But some people think negative. But it is only a serial and they aware us about the bad happenings. I love this serial,4,
,,,,2. The great indian television shows that came to the band of all thing is there is the show represent all the real stories in the plot of puntuality of courage .the shows is being basen on the real plotting thats why the main stream with the help of loving people and having their great isdues with help in public interest and grest indian television as great band,5,
,,,,"3. Savdhaan india is the best serial, And show is related bye real story and it gives us information about surrounding, we can learn something from this serial

Everyone should watch it for their safety And for changing their mentality me and my family wastc savdhaan india daily and I like very much .",4,
,,,,"4. My mom watching this series whole day, and she act like sometime lady cop. shes talking no sense. if I get late for a second start thinking negtive. too much negtivity in my mom mind. I just want to say please dont set up mind of people. there thinking should be shrink. I highly not recomment students to watch this series, there's do much bettr things to watch. they are talking crap I have not seen those type of helpful policmem. hates off for those. they really doing good isnt? .",2,
,,,,,,
28,Crime Petrol,"Crime Patrol is an Indian crime reality television anthology series created by Subramanian S. lyer for Sony Entertainment Television India and Sony Entertainment Television Asia. The first season was created by Cinevistaas Limited, while later seasons are created by Optimystix Entertainment. The location of the series is set in Mumbai, India. The episodes of first and second seasons were halfâ€“hourly, while episodes of third season were one hourly. Conceived as a reality series, it was the first show on Indian television, where cameras traveled with the law enforcement authorities to capture crimes live.

The series which premiered on 9 May 2003, is the longest running reality crime television series in India, having completed twelve years in 2015.
The fourth season, titled as Crime Patrol Satark (previously Crime Patrol Dastak till 6 July 2014) is hosted by Anoop Soni.",,"1. I have recently started watching the Crime Patrol TV series that airs on SONY TV back to back from 1400 to 1800 and again at 2230. 

Each episode is complete, based on true crime incidents. The story is depicted in a realistic way, the characters could be anyone you know, the sets, the places are so familiar. The acting for the most part is pretty good and believable.",5,
,,,,"2. It is an excellent show in Indian television. Anup Soni has been doing incredible job so far. Nobody in Indian television narrates better than him. Presentation, background music, cinematography, acting all the components are very good. It shows the real problems in the society. However I feel the violence which are no far from reality shown in such a manner which makes unacceptable to many viewers. If the violence shown is edited to some extent it can be acceptable to larger number of viewers. It has brought a number of burning issues of the society. No daily soap or crime show can create such good influence. My wishes are with this show.",5,
,,,,"3. I usually never watch any Indian shows because of the poor quality of acting,direction and screenplay. Crime patrol is the only show that caught my attention and never fails to entertain me with its interesting direction and realistic feel. Despite all the drama,they still manage to get the message across to the audience. It is also helping the Indian audience(rural and urban) in understanding how the police functions and investigates locally. The narration of Anup Soni is also unmatchable and heartfelt.I find the suspense part also equally good. People arguing that it is a negative show must understand that these things do happen in the real world and little dramatization never hurts anybody. All in all,one of my favorite shows to watch on TV,and the only show I watch on Indian TV.",3,
,,,,,,
29,Sholay,"Sholay (About this sound pronunciation (helpÂ·info), meaning ""Embers"") is a 1975 Indian Hindi-language action-adventure film directed by Ramesh Sippy and produced by his father G. P. Sippy. The film follows two criminals, Veeru and Jai (played by Dharmendra and Amitabh Bachchan), hired by a retired police officer (Sanjeev Kumar) to capture the ruthless dacoit Gabbar Singh (Amjad Khan). Hema Malini and Jaya Bhaduri also star, as Veeru and Jai's love interests. Sholay is considered a classic and one of the best Indian films. It was ranked first in the British Film Institute's 2002 poll of ""Top 10 Indian Films"" of all time. In 2005, the judges of the 50th annual Filmfare Awards named it the Best Film of 50 Years.

The film was shot in the rocky terrain of Ramanagara, in the southern state of Karnataka, over a span of two and a half years. After the Central Board of Film Certification mandated the removal of several violent scenes, Sholay was released with a length of 198 minutes. In 1990, the original director's cut of 204 minutes became available on home media. When first released, Sholay received negative critical reviews and a tepid commercial response, but favourable word-of-mouth publicity helped it to become a box office success. It broke records for continuous showings in many theatres across India, and ran for more than five years at Mumbai's Minerva theatre. By some accounts, Sholay is the highest grossing Indian film of all time, adjusted for inflation.

The film drew heavily from the conventions of Westerns, and is a defining example of the masala film, which mixes several genres in one work. Scholars have noted several themes in the film, such as glorification of violence, conformation to feudal ethos, debate between social order and mobilised usurpers, homosocial bonding, and the film's role as a national allegory. The combined sales of the original soundtrack, scored by R. D. Burman, and the dialogues (released separately), set new sales records. The film's dialogues and certain characters became extremely popular, contributing to numerous cultural memes and becoming part of India's daily vernacular. In January 2014, Sholay was re-released to theatres in the 3D format.",Ramesh Sippy,"1. This movie is just the best movie i have seen. (I have watched around 570 movies) (Its my favorite movie).It has all the elements that a good movie must have:

Excellent Dialogues.

Excellent Music.

Excellent Acting. (Even the extra's where excellent)

Excellent Story/Plot.

Good Songs.",4,
,,,,"2. If you liked ""Once upon a time in the west"", ""The magnificent seven"" and ""A fistful of dollars"", you will love ""Sholay"". It takes all the good ingredients of a western, spices it with a lot of Indian ingredients and lets it simmer until you get one of the finest ""curry"" westerns imaginable. Though obviously very much inspired by the ""spaghetti"" westerns of the late 1960s/early 1970s, this easily surpasses most of the films it's modeled after. A masterpiece.",5,
,,,,3. an't find a single flaw in the movie. Probably one of the best ever made in Hindi. The camera work is flawless and grips you. The acting is inspired. The music is memorable. One of the movies you remember for life.,4,
,,,,4. This is one movie which is flawless. Great performances from everyone. The cast of the movie is just perfect. Gabbar's character remains indelibly etched on your mind once you've seen him in action. Amitabh is definitely one of the greatest actors of all times. His portrayal of a criminal with morals is all the way tops along with Brando's Vito Corleone. I think the part about cheating with false coin to save Viru's life (sacrificing his own) was a lovely storyteller's touch. 10 all the way!,4,
,,,,,,
30,Comedy Night Bachao Colors,"As the name says, Comedy nights Bachao is an Indian comedy series telecasted one day in a week. In the show, the comic crusaders take a jibe of those who came in their show as a guest by insulting and taking the fun of him and testing their patience by cracking some unpleasant jokes on the celebrity guest. TRP ratings of popular t.v comedy serial comedy nights Bachao had been rapidly increased. Comedy nights Bachao has been aired on colors t.v every Sunday and was getting a great trp. Comedy nights Bachao is an entertaining show to the good extent but still the makers of the show are in fear with the popularity of the Kapil Sharma show.",,1. INITIALLY THIS SHOW DID WELL BECAUSE THAT TIME THERE WAS NOTHING TO WATCH BUT AS SOON AS KALIP SHARMA SHOW STARTED IT STARTED GOING DOWN. THIS SHOW HAS BRILLIANT ACTORS BOT STILL SHOW IS NOT GOING ANYWHERE BECAUSE OF THE SHOW ITSELF. THE WORST PART OF THIS SHOW IS ITS PLOT. AND COMEDY PUNCHES ARE ALSO VERY SAD. AFTER PUTTING SO MUCH OF EFFORTS BY ACTORS THIS FOR  ME IS SHOULD SHUT DOWN. WE CAN ENJOY SOMETHING ELS INSEAD OF THIS SHOW. I WISH CHANEL ALSO UNDERSTAND THIS,2,
,,,,"2. Comedy Night Bachao is best best comedy show on Earth.I have watched all episodes.Concept of this show is wonderfull, unthinkable, I never expected before that this type of show we'll See.In Comedy Nights Bachao Celebrities come as guest and Casts of this show was play live acts.All Casts of this show was too talented.Krishna and Bharti are host of this show.Krishna and bharti are really very talented and they are doing very hardwork.Ada khan, karan and all Casts very talented.Sudesh is too good.I love his mimicry and video dubbing.In one sentence Comedy Nights Bachao is greatest Show in India and World also. NK",4,
,,,,"3. Poor jokes, lame comedy and insulting guests is what you will find in this show. Krushna and Bharti's overconfident acts is not at all entertaining. There is nothing to laugh. You may become furious instead. Colors should stop this show immediately and should come up with something better.",1,
,,,,4. Its just a boring show which disappoint you. It has just boring concept of inviting the guests and insulting them by making there fun with really worse jokes. I dont think that this show would be continue for a longer time. It is just making fun of personalities. So this is my review about this mindburning show.,1,
,,,,,,
31,"Aaj Jaane Ki Zid Na 
Karo (Gazal)","Aaj Jaane Ki Zid Na Karo [Please don't insist on leaving today] is a Ghazal written by Fayyaz Hashmi. It was popularlised by noted classical vocalists, Habib Wali Mohammad who also sang this song as a film playback singer in a Pakistani film Badal Aur Bijli (1973). Then the famous ghazal singer Farida Khanum also used to sing it in her television performances and in her live public concerts.  It is sung in Raag Yaman Kalyan .
The song is sung by many artistes like Asha Bhosle (Asha Bhosle: Love Supreme, 2006) The song was used as background music in a scene in the Mira Nair's Golden Lion award winning film, Monsoon Wedding (2001).  Habib Wali Mohammad's version of the song is also very popular. It is also a part of 'The Shruti Box', online music series by Shankar Tucker, where it was sung by Rohini Ravada. A.R. Rahman had performed this number in MTV Unplugged Season 2. 
In 2015, this song was recomposed by Strings for Coke Studio Pakistan and re-sung by Farida Khanum after a significant gap from music in the finale episode of eighth season, concluding their run of 2015 season.

The song was used in an episode of Crime Patrol broadcast on 9th Feb 2016 on Sony TV.

Arijit Singh also recreates Aaj jane ki zid na karo for upcoming TV show Naamkarann telecast on 'Star Plus' channel in August 2016. Arijit creates magic with his soulful voice.",Farida Khanum,1. What a beautiful song... Farida Khanum's voice is intoxicating,4,
,,,,2. The best rendition of this geet that I know of. I cannot stop listening to it. Highly recommended.,5,
,,,,,,
32,Aap ka Surroor(Album),"Call it a sequel to the chartbusting album Aap Ka Surroor - which rewrote history in music sales for a pop album in India. This soundtrack of Himesh Reshammiyaâ€™s debut movie is ubiquitous in all corners of the world. A brand in the making since the release of the music of â€˜Aashiq Banaya Aapneâ€™, the composer who has so far already essayed the role of a producer (TV Serials), composer and singer is back with a bang in business, with tunes targeted for the masses.
Messiah and Reshammiya were synonymous when producers of small budget movies saw rushes for their projects when the music caught on wildly with the masses. Promotional videos were being shot at brisk rate to secure box office success and the composer was featured in the videos, holding the mike in the cool-n-stylish manner. Termed as a hurricane in 2006, in terms of the never-seen-before storm created in the music charts since the arrival of the new millennium, Himesh Reshammiyaâ€™s name was on everyoneâ€™s lips and mind. Frenzy is an under-statement when his own music videos from his album were first aired. So much happened that acting was the next phase in his brand building. The awareness phase was over and proved to be the biggest hit of the brand building strategy. Charged with more energy, the team of Reshammiya-Sameer-Chadha are back to rock the world.

An air of aggressiveness is felt in the voice of Himesh Reshammiya in Assalaam Vaalekumâ€“ a loud voice is heard which reaches high notes and is quite rough in the rendering. Does the situation require vengeance? The rap genre is aptly mixed with Urdu words and add to that, the Reshammiya brand of music, which extracts sounds from soft rock to industrial-techno genres. The macho mood is confirmed with the male chorus supporting the singer while the rap portions infuse a certain break in this incomprehensible act of agitation in the singing. Lack of simplicity combined with the heavy pressure on the vocals, relegate the track to an average position.",Himesh Reshammiya,1. Himesh reshamiya is the very good looking man and his songs is always awesome. his all song lyks by youth. himesh reshamiya is the wonderfull icon of music industry. In the field of music he is one of the greatest and iconic person. his music touch all youth's heart. aapka suroor song is one of the best song who lyk by every youth. this song is the base of movie. So I can say thathimesh reshamiya songs is really wonderfull.,4,
,,,,"2. Reshammiya greets listeners with'Assalaam Vaalekum', a stage song where Reshammiya does what he is best at i.e. wear his trademark attire, bring mike close to his mouth and croon with an undisputed energy which is always witnessed when he is front of a live audience. A song in appreciation of the woman he loves, it is one of those rare Reshammiya numbers that takes more than just a couple of times to catch up on you.",3,
,,,,"3. Back in 2007, Himesh Reshammiyamade Aap Ka Suroor which was a musical blockbuster thatalso gave Hansika Motwani her first big break. Aap Ka Suroor was entertaining because Himesh didnâ€™t take himself seriously and we got to enjoy some foot tapping tunes. Nine years later, the singer turned actor is back with Tera Suroor which is loosely based in concept on its predecessor but has better production values, lavish locales and a new girl(Farah Karimaee) opposite Himesh.",3,
,,,,"4. One of the hittest of its times, HImesh Reshammiya made a good debut in the world of music. I used to buy this music because there were lots of songs sung by him which was really awesome and fantastic. This music categorized into different songs which was hit every where. The songs were superb and and the lyrics and music was outstanding.

There was a style of keeping caps and it became a trend for the youths . The music was totally different from others and after a long time new style of songs were heard which makes him a superstar all around in the Bollywood.",4,
,,,,,,
33,The Jangle Book,"Abandoned after an accident, baby Mowgli is taken and raised by a family of wolves. As the boy grows older, the wise panther Bagheera realizes he must be returned to his own kind in the nearby man-village. Baloo the bear however thinks differently taking the young Mowgli under his wing and teaching that living in the jungle is the best life there is. Bagheera realizes that Mowgli is in danger, particularly from Shere Khan the tiger who hates all people. When Baloo finally comes around, Mowgli runs off into the jungle where he survives a second encounter with Kaa the snake and finally, with Shere Khan. It's the sight of a pretty girl however that gets Mowgli to go the nearby man-village. Disney animation inspired by Rudyard Kiplings ""Mowgli"" story. Mowgli is a boy who has been raised by wolves in the Indian jungle. When the wolves hear that the fierce tiger, Shere Kahn, is nearby, they decide to send Mowgli to a local ""man tribe"". On his way to the village, Mowgli meets many animal characters in this musical tale. When Shere Kahn learns of Mowgli's presence, he tracks him down. ",Jon Favreau,"1. Raised by a family of wolves since birth, Mowgli (Neel Sethi) must leave the only home he's ever known when the fearsome tiger Shere Khan (Idris Elba) unleashes his mighty roar. Guided by a no-nonsense panther (Ben Kingsley) and a free-spirited bear (Bill Murray), the young boy meets an array of jungle animals, including a slithery python and a smooth-talking ape. Along the way, Mowgli learns valuable life lessons as his epic journey of self-discovery leads to fun and adventure.

Disney Picture is the best company in making top and number 1 family movies.

Everything is excellent about this movie.

I guarantee you this top movie will win too many Oscars. ",4,
,,,,"2. A great remake that will definitely enchant kids and adults. The CGI characters are excellent and there is an entertaining atmosphere of humor, adventure and suspense.

Mogwli is a Lost boy in the Jungle,but has been grown up the animals - Bagera(Panther), Rakhsha(Wolf mother), Baloo (Bear). Soon Mogwli realizes that since he is human he needs to live with humans.Yet,he can not abandon his loyal Animals who have already taken care of him since he was a baby.

""The Jungle Book"" 2016 has a different,but an amazing ending than ""The Jungle Book"" 1967.I can guarantee that you will see a perfect movie with Great Graphics IMAX Effect and The Best 3D I Have Ever Seen.

I really estimate Disney for their support of Lesbian and Gays.Disney is Simply The Best. ",4,
,,,,"3. The movie may have shown a lot of similarities to the old cartoon,but it didn't show enough info or relationship with Mowgli and the wolves. Sure they did the story good with Mowgli and Baloo's relationship,but what it also rushed through was the ending,and plus I didn't like it when Mowgli went to the man village. The fight with the tiger in the cartoon wasn't bad,but the movie just made it 10 times better. The 1967 one was classic,but the movie just made it into the best thrilling and emotional story that even I enjoyed. I mean yes I wouldn't really make reviews for kids movies,but the director was the man who made Iron man and I love marvel. So I checked out this movie,I watched it and I was like ""oh my god...this was amazing."" So it was just in my opinion,better than the original. The original is in my second place. ",3,
,,,,"4. This seems to be one of those movies you either loved or hated, based on what I read on the reviews. I liked it. It featured outstanding visual effects and a great voice cast, including the great songs like The Bare Necessities. My favorite scenes were where they were in King Louie's temple, the elephant scene, and the showdown scene with the tiger. Christopher Walken, Ben Kingsley, Bill Murray, and Idris Elba were great in their parts. Whether you're familiar with the classic story or new to it, you will enjoy this movie. I liked the kid as Mowgli. Kids might like it more than adults though.",3,
,,,,,,
34,Udaan,"Udann (English: Flight, Fly) (also known as Udann Sapnon Ki) is an Indian television drama show, which premiered on 18 August 2014, and airs on the Colors TV channel, Monday through Friday.  The show is produced by Bollywood filmmaker, Mahesh Bhatt and is based on his unreleased movie of the same name.  It stars child artist, Spandan Chaturvedi in a lead role. The first promo of the show was released on 10 July 2014. 

The series is being dubbed into Tamil as Poovizhi Vasalile on Raj TV and being telecasted from Monday To Saturday at 8.30pm giving tough competition to Vamsam, a Sun TV serial.

It is also dubbed into Sinhala as Dhoni on Hiru TV and telecasts from Monday to Friday at 6.30pm. It is also re-telecasted as Sathi Aga Dhoni on Saturday and Sunday at 5.30pm. The show received good trp throughout and gave more competition after the leap .

Udaan is a social message program to highlight the issue of bonded labour in Indian villages.",Mahesh Bhatt,1. Udaan is a most boring and irritating show .The two sisters are really goddess . Chakor need to lose her weight . She didnot really looks like a main character but a horrible looking woman .These unsense able shows are really abig weight on the bollywood industry . I hope its end comes near and a new senseable and interesting show comes.,1,
,,,,"2. Udaan is coming on colors.In starting I loved to watch this serial because acting of small girl who play the role of chakor was wonderful .In starting this serial is nice .I never miss the episode .This serial show the story of a girl who want to do something big in her life even she is a slave .She want to free every person from the clutches of kamalnarayan.She free herself and become a good runner.Till then it is good but know this serial is really very boring.chakore get married , villagers were again in trouble.Main theme of udaan is disappear somewhere.wastage of time know.",2,
,,,,3. In this serial starting how chakor was struggling for her life and she was very strong personality I like this character very much now also chakor is very strong and main character in the story. I like this story and here we can understand by seeing this story how people struggle in some poor villages in India. in the end of the story what will going to happen to kamal narayan I am very curious about this villan character.,4,
,,,,"4. This is a famous colors t.v show, in this a sweet girl named Chakor acts as main lead role.

as on my point of view this show was much better before, this time when I personally watch is show I felt bored. because this show is too old now the main characters are not doing as good as they was doing before. I specially dislike the creativity of this time in the show I mean I do not like the way they are presenting their show. If they make this show so interesting then this show will take much TRP than present scenario. I want something change. this show needs some twist.",2,
,,,,"5. As this show is starting with a very good concept of how a girl which is slave, is ran away and make her dream of becoming athlete.

This show maintain its concept around 3 to 4 months and after that it goes in wrong direction like other shows.

Now they show us their household stories which I think is waste of time.

So this show is now not worthy to watch.",1,
,,,,,,
35,Hotoon Say Chhu Lo Tum (Gazal),"Prem Geet is a 1981 Indian Bollywood film directed by Sudesh Issar. It stars Raj Babbar and Anita Raj in pivotal roles. Film was proved hit in the box office. Hotho se Chulo tum song was main highlight of the movie. This film gives name and fame to Raj Babbar. For the superhit Nepalese movie visit Prem Geet (2016)Akash and Shikha make an impressive creative team as they work together in a dance troupe, and a romantic relationship soon flourishes between them. But when it transpires that Shikha only has a few months to live, and she's pregnant, some dramatic scenes unravel as the movie travels nears its climax",Jagjeet Singh,"1. Nice song.
Have you heard â€œ besaheb baat badhane ki zarurat kya he ? â€œ by Jagjit singh.
I love that song. Specially the lines â€œ dil se mil ne ki tamanna hi nahee jab dil mein ., haat se haat mila ne ki zarurat kya he ?â€",4,
,,,,"2. Hi, Beautiful song, i would like to know where i can get more translated songs from jagjit because i donâ€™t know hindi just english but like songs, thank u",3,
,,,,"3. Jagjit,Mehdi Hassan,Nusrat,Lata,Alka,Noor Jehan & many a great artist proved that they can rule over the hearts of lovrs Beyond borders.",3,
,,,,"4. I think this is more appropriate â€˜by carving new tradition, make that tradition immortalâ€™. reet is tradition right?",4,
